storeId,sku,retailerSku,name,price,oldPrice,discount
76098,15176501,3412070012,Томаты красные,90.0,90.0,0
76098,15064217,9072651501,Бананы,95.99,113.99,18
76098,17519940,1000233462,Филе грудки цыпленка-бройлера охлажденное ~900 г,359.1,359.1,0
76098,15176509,3412110001,Огурцы,69.5,69.5,0
76098,15066611,9072651210,Картофель,49.99,63.99,14
76098,18045986,3133780401,Сахар белый кристаллический 1 кг,71.0,71.0,0
76098,15176354,1444282020,Перец красный,140.0,140.0,0
76098,15064170,5555552001,Тушка цыпленка-бройлера с кожей охлажденная ~2 кг,472.0,472.0,0
76098,15291758,3272430018,Квас хлебный Очаково Очаковский двойного брожения 2 л,144.0,179.99,35
76098,1474502,1000199832,Фарш из индейки Индилайт Классический охлажденный 450 г,209.99,209.99,0
76098,106771,1000229616,Молоко пастеризованное «Село Зеленое» цельное 3 2% ГОСТ БЗМЖ охлажденное 930 г,94.99,94.99,0
76098,15177219,1000143746,Огурцы короткоплодные пупырчатые,56.7,56.7,0
76098,15080056,1000151153,Творог мягкий Свое Наше 5% БЗМЖ 180 г,69.99,69.99,0
76098,15169413,1000227406,Огурцы короткоплодные тепличные 450 г,119.0,119.0,0
76098,15064213,9072651201,Морковь,35.5,35.5,0
76098,15176496,3412060006,Картофель новый урожай,48.0,48.0,0
76098,15188845,1000233457,Голень цыпленка-бройлера на кости с кожей охлажденная ~950 г,218.49,218.49,0
76098,1313466,3454700001,Яйцо куриное столовое С1 10 шт,99.99,99.99,0
76098,55110,9639630174,Подсолнечное масло Золотая Семечка рафинированное дезодорированное 1 л,149.0,149.0,0
76098,16182205,1000389297,Хлеб Восход Черниговский ржано-пшеничный в нарезке 250 г,35.99,35.99,0
76098,15170010,1016090029,Прокладки гигиенические Naturella Ultra Normal 10 шт,99.99,159.99,60
76098,16327995,1623699906,Пирожное Orion Choco Pie 30 г х 12 шт,139.0,179.99,40
76098,15176396,1855599920,Сладкосливочное масло несоленое Магнит Крестьянское 72 5% БЗМЖ 180 г,121.99,121.99,0
76098,20584896,1000453882,Влажный корм Felix Аппетитные кусочки двойная вкуснятина с лососем и форелью в желе для кошек 75 г,31.99,31.99,0
76098,1413562,1000326706,Хлеб Восход Молочный классический батон пшеничный нарезанный 300 г,55.99,55.99,0
76098,1391531,1899912472,Йогурт Даниссимо с хрустящими шариками в шоколаде 6 9% БЗМЖ 105 г,59.0,59.0,0
76098,18947732,1000381367,Вода питьевая негазированная 5 л,79.0,79.0,0
76098,16667172,1000389507,Помидоры Черри Premiere of Taste Горячее сердце 200 г,139.99,139.99,0
76098,15177436,1000191329,Ватные диски La Fresh 120 шт,84.0,99.99,15
76098,1144392,1719900001,Подсолнечное масло Злато рафинированное 1 л,160.0,160.0,0
76098,15743126,1000376617,Сметана Варвара Краса 15% БЗМЖ 300 г,74.99,74.99,0
76098,15190043,3152910002,Крупа гречневая 1 сорт 800 г,29.0,29.0,0
76098,200814,1000166893,Жидкость Grass Azelit Антижир для кухни 600 мл,189.0,189.0,0
76098,68548,1000176577,Подсолнечное масло Благо рафинированное дезодорированное 1 л,134.0,154.99,20
76098,15089215,1000198598,Лук зеленый 100 г,89.99,89.99,0
76098,53001,1000048703,Мороженое Коровка из Кореновки пломбир крем-брюле стаканчик БЗМЖ 100 г,89.0,89.0,0
76098,15068088,1000208799,Уксус столовый Моя цена 9% 1 л,39.0,39.0,0
76098,15573365,1000198557,Зелень ассорти лук зеленый-петрушка-укроп 100 г,94.99,94.99,0
76098,106761,1000127183,Молоко пастеризованное питьевое Село Зелёное цельное канистра 3 2% ГОСТ БЗМЖ охлажденное 2 л,209.99,209.99,0
76098,15063232,1445100062,Картофель в упаковке ~2 5 кг,99.98,99.98,0
76098,743484,1000280179,Фарш свино-говяжий Мираторг Домашний охлажденный 400 г,189.99,189.99,0
76098,660845,1000199984,Багет Восход Французский 250 г,65.99,65.99,0
76098,15064219,9072651504,Лимоны,78.0,78.0,0
76098,17949341,1000207057,Сливки для взбивания Село Зелёное ультрапастеризованные 33% БЗМЖ 500 мл,329.0,329.0,0
76098,340868,1000160608,Туалетная бумага Набережные Челны 1 слой 1 рулон,39.0,39.0,0
76098,135160,1000072519,Мороженое пломбир Башкирское мороженое 65 г,39.0,39.0,0
76098,18074,1000145527,Порошок Пемолюкс Сода 5 Лимон универсальный 480 г,89.0,89.0,0
76098,215772,1000249391,Мороженое пломбир Башкирское мороженое шоколадное БЗМЖ 65 г,59.0,74.99,15
76098,15011342,1000069186,Бумажные полотенца для личной гигиены Магнит 2 слоя 2 рулона,99.0,99.0,0
76098,16182376,3412080001,Яблоки красные,85.0,85.0,0
76098,15742928,1000313093,Молоко пастеризованное питьевое «Точно Молочно!» в пакете 3 2% охлажденное 900 мл,85.99,85.99,0
76098,15068031,1000199906,Пакеты фасовочные Магнит 28 х 40 см 50 шт,62.99,62.99,0
76098,33891,3174070007,Макаронные изделия Шебекинские № 202 Рожок Полубублик из твердых сортов пшеницы 450 г,60.0,79.99,19
76098,15064218,9072651503,Апельсины,43.0,50.0,7
76098,15063550,2400023187,Яблоки Гала,97.5,97.5,0
76098,24429345,1000472521,Салфетки бумажные Моя цена 1 слой 24 х 24 см 90 шт,31.0,31.0,0
76098,15089214,1000198550,Укроп 100 г,79.99,89.99,10
76098,15190089,9039215501,Яблоки новый урожай,79.0,79.0,0
76098,15068126,1000213627,Салфетки Моя цена вискозные универсальные 30 х 38 см 3 шт,42.99,42.99,0
76098,16340612,6949990375,Губки Моя цена универсальная абразивный полимер 5 шт,39.99,39.99,0
76098,15642207,3412080028,Виноград белый,93.0,93.0,0
76098,15807645,1000264408,Йогурт Teos Греческий густой натуральный без добавления сахара 2% БЗМЖ Беларусь 250 г,75.0,94.99,19
76098,55755,1319600011,Макаронные изделия Makfa Спирали 450 г,60.0,60.0,0
76098,94529,2400008824,Лапша Доширак Квисти со вкусом курицы 70 г,21.0,21.0,0
76098,15051855,1000192071,Туалетная бумага Моя цена без втулки 1 слой 1 рулон,11.0,11.0,0
76098,15170391,3367460006,Соль поваренная пищевая 1 кг,29.0,29.0,0
76098,20578866,1000453889,Влажный корм Felix Аппетитные кусочки с кроликом в желе для взрослых кошек 75 г,31.99,31.99,0
76098,17298753,3174070010,Макаронные изделия Шебекинские № 400 Бабочки 350 г,79.0,79.0,0
76098,16536762,1393100200,Крупа гречневая Увелка Экстра ядрица быстроразваривающаяся 800 г,89.0,129.99,40
76098,24402274,2047000014,Яйцо куриное СО 10 шт в ассортименте (цвет по наличию),109.99,109.99,0
76098,15064222,9259258168,Мандарины,72.5,80.0,7
76098,15011307,1000057898,Сыр твердый Моя цена Российский 45%,241.15,241.15,0
76098,15750020,1000151151,Сметана 20% Свое Наше БЗМЖ 200 г,83.99,83.99,0
76098,129186,1000386420,Сметана 20% Молочный фермер БЗМЖ 500 г,149.99,149.99,0
76098,15206356,3089020004,Дрожжи Саф-Момент сухие быстродействующие 11 г,24.0,24.0,0
76098,15169213,1000172258,Томаты Магнит Сливовидные 600 г,175.99,199.99,24
76098,15062588,1000314145,Отбеливатель Моя цена Белизна 1 л,59.0,59.0,0
76098,15265380,1000383832,Сладкосливочное масло Белебеевский Крестьянское 72 5% БЗМЖ 170 г,169.99,239.99,70
76098,203983,1000280691,Тараллини Nina Farina Классические 180 г,56.99,89.99,33
76098,23827009,2047000007,Яйцо куриное Чамзинская птицефабрика С2 10 шт,89.99,89.99,0
76098,15176515,3414400005,Яблоки Гренни Смит,88.0,88.0,0
76098,15176462,2299910138,Крабовые палочки Моя цена замороженные,80.7,80.7,0
76098,52474,1000177259,Влажный корм Kitekat Сочная говядина в желе для кошек 85 г,22.99,22.99,0
76098,23278366,1000381717,Творожок Простоквашино ананас-банан 3 6% БЗМЖ 110 г,39.99,39.99,0
76098,15170385,3284010204,Хлопья овсяные Моя цена Геркулес 400 г,16.0,16.0,0
76098,16182377,3412080021,Салат листовой в горшочке 80 г,93.99,93.99,0
76098,126854,1000217037,Хлеб Восход Черниговский ржано-пшеничный целый 500 г,69.99,69.99,0
76098,139371,1000477942,Кетчуп Махеевъ Томатный 300 г,89.0,109.99,20
76098,129188,1000135455,Томатная паста Кухмастер экстра 270 г,84.99,84.99,0
76098,129267,1583600075,Вода питьевая Красный Ключ газированная 1 5 л,42.0,42.0,0
76098,18326629,1000393653,Молоко 3 2% пастеризованное 900 мл Башкирское Луговое питьевое БЗМЖ,79.99,79.99,0
76098,22558326,1000472603,Кетчуп Heinz Томатный 800 г,244.0,244.0,0
76098,15122129,1444282012,Нектарины,180.0,180.0,0
76098,51659,3412157101,Салат Айсберг,189.99,189.99,0
76098,109583,1000204590,Вода минеральная Псыж газированная лечебно-столовая 1 л,65.0,65.0,0
76098,94583,1319600016,Макаронные изделия Makfa Улитки 450 г,68.0,68.0,0
76098,27585,1000174274,Кукурузные палочки Кузя Лакомкин сладкие 140 г,48.0,99.98,51
76098,20320422,3367460002,Соль поваренная мелкая 1 кг в ассортименте (производитель по наличию),11.0,11.0,0
76098,15715105,1000376623,Творог рассыпчатый Варвара краса 5% БЗМЖ 200 г,79.99,79.99,0
76098,20578869,1000453888,Влажный корм Felix Аппетитные кусочки с лососем в желе для взрослых кошек 75 г,31.99,31.99,0
76098,15176322,1129710001,Тесто Моя цена слоеное дрожжевое 500 г,99.0,99.0,0
76098,246503,9409611170,Мука Makfa пшеничная хлебопекарная высший сорт 2 кг,119.0,139.99,20
76098,15068462,1000272975,Авокадо,89.7,89.7,0
76098,15068199,1000221227,Мешки для мусора Моя Цена 60 л х 20 шт,49.99,49.99,0
76098,15127134,1000316545,Томатная паста Магнит 25% 70 г,29.99,29.99,0
76098,119358,1000084229,Сладкосливочное масло несоленое Брест-Литовск 82 5% 180 г,209.99,209.99,0
76098,446203,1000324049,Мармелад Babyfox Бегемоты 70 г,39.0,39.0,0
76098,15176518,3414400031,Груши Вильямс Пакхамс,109.5,109.5,0
76098,106566,1968360022,Колбаса вареная УМКК Докторская 500 г,239.0,369.99,130
76098,11824,1000096767,Огурцы Дядя Ваня Корнишоны по-французски маринованные 460 г,219.99,269.99,50
76098,127797,1000130503,Сырок творожный Первый вкус со вкусом клубники глазированный 18% 40 г,36.99,36.99,0
76098,52417,1499900452,Овощная смесь Vитамин мексиканская замороженная 400 г,164.0,219.99,55
76098,15309391,1000422581,Сладкосливочное масло Белебеевский Традиционное 82 5% БЗМЖ 170 г,179.0,259.99,80
76098,1514526,1626800024,Шоколадные конфеты Рот Фронт Батончики,138.6,138.6,0
76098,28251516,1000530494,Салат Морковь по-корейски 200 г,69.99,69.99,0
76098,26346296,3132360213,Сода пищевая 500 г в ассортименте (бренд по наличию),39.0,39.0,0
76098,15050195,1000293552,Кукуруза Моя цена сахарная 340 г,64.99,64.99,0
76098,141099,1000199983,Батон Восход Бутербродный пшеничный целый 250 г,69.99,69.99,0
76098,15177297,1000167072,Макаронные изделия Моя цена Рожки 400 г,18.0,18.0,0
76098,15060646,1000289065,Фарш домашний Магнит Свежесть охлажденный 400 г,164.0,164.0,0
76098,20569118,1000453886,Влажный корм Felix Аппетитные Кусочки для взрослых кошек с говядиной в желе 75 г,31.99,31.99,0
76098,15188854,1000233912,Бальзам для мытья посуды Sorti Алоэ Вера 450 мл,84.0,109.99,25
76098,53002,1000048701,Мороженое Коровка из Кореновки пломбир стаканчик БЗМЖ 100 г,85.0,85.0,0
76098,216214,1000248669,Яйцо куриное Чебарульская птица Домашнее С1 10 шт,119.99,119.99,0
76098,11749,3060830107,Кукуруза Бондюэль 340 г,139.99,169.99,30
76098,19173894,1000422635,Чипсы картофельные Lay's лобстер рифленые 140 г,179.0,179.0,0
76098,44762,1000175642,Рис Увелка круглозерный в варочных пакетиках 80 г х 5 шт,83.0,119.99,36
76098,15068306,1000245988,Рулет Моя цена Клубничный 200 г,44.99,44.99,0
76098,15573354,1000166121,Салат Рукола-Радичио 75 г,139.0,139.0,0
76098,15064220,9072651505,Грейпфрут,149.99,149.99,0
76098,253703,1444282069,Голубика 125 г,259.99,259.99,0
76098,18326411,1000383360,Сыр полутвердый Варвара Краса Сметанковый 50% 160 г,137.0,137.0,0
76098,1617221,1000137750,Биолакт детский «Тема» без сахара 3 4% охлажденный 206 г,44.0,44.0,0
76098,15190040,3139480006,Крупа манная 800 г,37.0,37.0,0
76098,17780926,1000082691,Вафли Яшкино глазированные с орешками 200 г,119.99,119.99,0
76098,15011256,1000044580,Туалетная бумага Магнит без запаха 4 шт,74.0,74.0,0
76098,15176497,3412060011,Чеснок,39.99,39.99,0
76098,15050409,1000300844,Арахис Моя цена жареный соленый 80 г,35.0,35.0,0
76098,1107124,1000348865,Кукурузные палочки ФрутоНяня яблоко-клубника с 12 месяцев 20 г,52.0,79.49,27
76098,26347289,1000370700,Хлеб Дружба пшеничный 500 г,49.99,49.99,0
76098,15190042,3139480010,Горох 800 г,29.0,29.0,0
76098,15011121,1000014812,Ананасы Моя цена кольца консервированные 565 г,149.99,149.99,0
76098,1146043,1000367086,Сыр полутвердый Белебеевский 45% БЗМЖ 190 г,